City,SO2,NO2,CO,PM25,O3,Overall AQI
Ottawa Downtown,0.17365270256996154,-3.6412838816642763,0.21,-2.6554584354162216,-4.715992800891399,0.21
