City,SO2,NO2,CO,PM25,O3,Overall AQI
Ottawa Downtown,0.19081795439124108,-3.6865890279412272,0.21,-0.4944287501275539,0.03988049551844591,0.21
