City,SO2,NO2,CO,PM25,O3,Overall AQI
Hamilton Mountain,0.050454993749735874,0.9087761615402996,0.21,1.4935717675834894,5.533797800540924,5.533797800540924
